Card_id,Ssn,Bname,Address,Phone
ID000001,850-47-3740,MARK MORGAN,5677 Coolidge Street,(469) 904-1438
ID000002,256-95-4382,ERIC WARREN,9062 Schurz Drive,(214) 701-8127
ID000003,256-51-5268,ROBERT HARPER,7786 Sachs Place,(214) 875-5911
ID000004,976-95-2914,DONNA FRANKLIN,3 Magdeline Terrace,(214) 800-6127
ID000005,906-63-3588,LINDA KING,41260 Kedzie Terrace,(469) 213-2549
ID000006,206-26-7141,JUDY HOLMES,6583 Manitowish Hill,(972) 898-5909
ID000007,898-61-3567,DEBORAH LAWRENCE,2 Hermina Trail,(972) 900-2951
ID000008,644-25-0492,ADAM JOHNSTON,05671 Norway Maple Court,(469) 743-0176
ID000009,678-12-4697,PAMELA CARR,1848 Fordem Avenue,(972) 247-9852
ID000010,562-33-7951,DANIEL FISHER,400 Cody Lane,(214) 891-7743
ID000011,441-90-7753,STEPHEN FIELDS,99 Fair Oaks Drive,(214) 801-3069
ID000012,305-53-3736,WALTER FERGUSON,814 Sutteridge Point,(469) 945-8172
ID000013,634-61-6311,PAUL COOK,58295 Pierstorff Pass,(469) 932-0168
ID000014,661-24-6360,ROY SMITH,563 Fairview Park,(214) 911-4724
ID000015,350-83-8412,MICHELLE GARDNER,28309 Paget Court,(469) 974-2681
ID000016,439-75-5475,GEORGE POWELL,31 Clove Crossing,(972) 885-7291
ID000017,431-61-5822,NICHOLAS HUDSON,29 Esker Trail,(469) 698-4000
ID000018,879-82-7179,LINDA HENDERSON,117 Katie Center,(469) 997-0832
ID000019,484-96-1826,GREGORY FOWLER,42454 Hermina Plaza,(214) 936-8301
ID000020,562-52-7080,CAROL SANDERS,99600 Moland Way,(214) 762-1061
ID000021,876-61-5170,MARK HAMILTON,76425 Dixon Hill,(972) 802-7903
ID000022,139-71-1123,ANTHONY BROWN,8691 Walton Terrace,(972) 947-3376
ID000023,239-16-6210,JAMES RIVERA,4 Golden Leaf Trail,(214) 761-8129
ID000024,283-06-7717,TAMMY COLE,22 Atwood Parkway,(469) 292-1882
ID000025,371-60-9878,DONALD BOWMAN,196 Golf View Terrace,(214) 956-6083
ID000026,438-78-7652,SUSAN GOMEZ,601 Warbler Point,(972) 877-1341
ID000027,893-37-1519,JUAN MARTIN,846 Johnson Circle,(214) 828-5694
ID000028,434-92-5388,SAMUEL BAILEY,1367 Northport Drive,(972) 972-2250
ID000029,444-50-9807,PAUL WHITE,24775 Melvin Place,(469) 459-4087
ID000030,557-41-0386,GREGORY CLARK,259 Porter Avenue,(972) 979-5771
ID000031,123-99-1439,STEVEN WOOD,852 Darwin Alley,(214) 984-2801
ID000032,507-26-2481,JESSICA FULLER,975 Carpenter Parkway,(972) 956-5055
ID000033,258-33-5117,DONNA GREENE,86 Delladonna Lane,(469) 969-6535
ID000034,876-94-4518,EDWARD FORD,34 Fulton Circle,(214) 869-1555
ID000035,153-20-8011,STEVE TORRES,781 Loeprich Alley,(469) 964-7789
ID000036,881-79-3670,ALICE RIVERA,79 Dayton Center,(214) 841-3416
ID000037,878-61-5560,JESSICA FREEMAN,27997 Loftsgordon Lane,(214) 835-4205
ID000038,728-84-4113,KENNETH HARRISON,25074 Holmberg Park,(972) 774-1504
ID000039,792-17-4540,BETTY AUSTIN,4 Schmedeman Terrace,(972) 927-7561
ID000040,433-05-3698,IRENE GONZALEZ,820 Oxford Crossing,(214) 865-5203
ID000041,132-21-3747,CHARLES FOSTER,850 Summerview Crossing,(469) 910-6688
ID000042,457-93-9804,GREGORY PEREZ,57 Bluejay Pass,(972) 433-8549
ID000043,906-16-1095,JOSE STONE,93 Waywood Parkway,(972) 991-8017
ID000044,882-36-6316,PATRICK MOORE,78 Crest Line Road,(214) 950-2446
ID000045,728-96-3473,LOUIS LYNCH,12197 Kinsman Center,(469) 820-4208
ID000046,377-44-1238,MATTHEW SNYDER,169 Mayfield Park,(469) 855-5018
ID000047,582-62-7069,SARA WAGNER,24827 Twin Pines Junction,(469) 914-5869
ID000048,577-82-2947,LOUISE LONG,6 Haas Center,(214) 939-0517
ID000049,216-53-6968,JUDY HAMILTON,65364 Mosinee Center,(972) 847-2849
ID000050,202-40-3427,EVELYN YOUNG,4788 South Street,(214) 864-9776
ID000051,897-56-8517,JAMES MOORE,9089 Lunder Parkway,(469) 830-4056
ID000052,923-84-7867,CLARENCE ROMERO,68501 Michigan Street,(972) 982-1803
ID000053,539-63-0143,JENNIFER SMITH,3 Cordelia Terrace,(469) 963-5598
ID000054,636-25-1591,JACK BAKER,01441 Eastlawn Place,(972) 909-1277
ID000055,622-93-5915,AMY NGUYEN,79 Rigney Circle,(214) 905-2261
ID000056,823-00-8890,MARIA STEVENS,5348 David Point,(972) 992-5831
ID000057,534-07-7079,TERESA CARPENTER,6280 Spenser Lane,(972) 908-2593
ID000058,203-68-8563,ROY ARNOLD,7548 Dunning Junction,(214) 990-9053
ID000059,457-75-1314,RANDY STEWART,5004 Emmet Park,(469) 422-2991
ID000060,524-73-0400,BRENDA FERNANDEZ,335 Forster Alley,(214) 920-6944
ID000061,344-66-8375,JANET THOMPSON,1 Chinook Place,(972) 986-8081
ID000062,716-55-3314,BILLY ORTIZ,4 Hintze Court,(469) 808-1346
ID000063,869-29-5873,EDWARD HAWKINS,96231 Northland Plaza,(972) 798-3752
ID000064,218-81-6261,MARK MORGAN,5 Miller Lane,(469) 784-6546
ID000065,913-50-1956,CAROLYN MORGAN,975 Golf View Place,(469) 674-8726
ID000066,749-40-8693,TINA WEAVER,5414 Green Ridge Street,(469) 840-0879
ID000067,992-92-6136,ERIC TAYLOR,6 Fisk Pass,(214) 714-7652
ID000068,378-07-1662,RUTH HENRY,84 Hermina Street,(972) 934-2054
ID000069,388-44-9990,PHILLIP PERKINS,84771 Bartelt Trail,(214) 917-4226
ID000070,288-23-0361,ANNIE WELCH,80 Stuart Road,(972) 516-1320
ID000071,509-44-1761,LOIS HUNTER,49 Blaine Lane,(972) 809-1141
ID000072,704-79-5907,LISA COOK,4412 Lakewood Gardens Plaza,(972) 653-9871
ID000073,948-30-8402,KATHLEEN HARVEY,13 Grayhawk Hill,(469) 547-7753
ID000074,651-57-6305,DIANE STEVENS,0091 American Circle,(469) 942-1364
ID000075,908-63-2676,SAMUEL YOUNG,0157 Holmberg Street,(469) 918-5729
ID000076,727-25-3782,MARK RILEY,4900 Thompson Court,(972) 767-2036
ID000077,775-32-5935,BONNIE ROSS,0 Walton Court,(972) 766-6908
ID000078,402-35-0549,ELIZABETH ARNOLD,952 Sage Pass,(214) 967-2424
ID000079,270-86-6950,JOHN WALKER,2 Packers Crossing,(469) 796-5094
ID000080,982-11-9636,WILLIAM SIMMONS,1232 Hayes Crossing,(972) 903-7706
ID000081,757-38-5276,LISA KELLEY,3718 Twin Pines Way,(972) 900-0487
ID000082,980-24-2372,CARL LARSON,096 Goodland Parkway,(469) 550-2228
ID000083,444-73-4007,BRANDON ANDERSON,8 Leroy Circle,(469) 993-9270
ID000084,278-33-4174,GLORIA MYERS,03 Elmside Center,(469) 853-3967
ID000085,772-25-9640,DANIEL FREEMAN,9584 Elka Place,(972) 769-9270
ID000086,232-98-4647,JUDITH MITCHELL,2506 Merchant Terrace,(972) 902-9669
ID000087,937-38-5159,ALAN KING,958 Burrows Street,(214) 583-5636
ID000088,327-80-3166,STEVE PHILLIPS,45557 Jana Court,(972) 937-9620
ID000089,405-92-7423,BRENDA BUTLER,5 Calypso Avenue,(972) 892-6177
ID000090,133-37-8900,PATRICIA SPENCER,65143 Union Lane,(214) 909-9264
ID000091,227-64-6193,LARRY OLSON,50299 Lien Parkway,(972) 965-7073
ID000092,272-41-6460,VICTOR SULLIVAN,272 Milwaukee Point,(972) 759-4852
ID000093,318-95-0284,KATHRYN TAYLOR,2952 Thackeray Point,(214) 862-0958
ID000094,729-22-8562,RACHEL LITTLE,755 Kropf Pass,(972) 797-7226
ID000095,783-54-9793,DONALD RICHARDSON,951 Chive Avenue,(972) 934-6450
ID000096,131-52-5777,STEPHEN CHAPMAN,0 Lunder Alley,(214) 987-1376
ID000097,335-18-5473,HAROLD RICHARDSON,76743 Burrows Court,(469) 899-1924
ID000098,933-15-2171,ERNEST PALMER,6 Upham Drive,(972) 942-2638
ID000099,595-38-3883,PAMELA MATTHEWS,2 Green Lane,(214) 944-0666
ID000100,808-44-7643,JASON CAMPBELL,6 Raven Court,(972) 811-4885
ID000101,924-16-0243,JOYCE FULLER,45900 Iowa Way,(469) 906-3524
ID000102,348-53-9608,ANDREA BAILEY,33 Cardinal Alley,(972) 846-5566
ID000103,379-16-0722,DENISE PERRY,68 Old Shore Lane,(214) 991-3418
ID000104,997-92-4787,MICHAEL JACOBS,0 Brentwood Place,(469) 924-9727
ID000105,664-95-5489,CATHERINE REID,41544 Anniversary Crossing,(214) 948-8236
ID000106,424-12-2851,AARON ROMERO,844 Union Way,(972) 535-5154
ID000107,295-19-3279,JOHN WARREN,9127 Farragut Center,(469) 923-5725
ID000108,806-92-2733,STEVE GARRETT,729 Kenwood Court,(214) 703-1311
ID000109,466-92-6624,JIMMY ELLIS,8 Nevada Place,(972) 742-8738
ID000110,454-64-8101,JOSE PEREZ,4463 Commercial Circle,(469) 852-3133
ID000111,909-18-6864,KATHERINE DEAN,4978 Cordelia Way,(972) 886-7232
ID000112,203-54-9198,ASHLEY JACKSON,676 David Road,(469) 976-0450
ID000113,177-45-8737,KATHRYN HART,29 Dexter Circle,(972) 900-3590
ID000114,279-96-6074,DENNIS RUIZ,18784 Browning Circle,(972) 974-1505
ID000115,561-91-3511,SHARON COX,4 Hoffman Street,(214) 915-0820
ID000116,325-12-4236,RUBY BURKE,5 Swallow Avenue,(972) 928-8965
ID000117,537-25-0563,JERRY STEWART,54494 Kenwood Trail,(469) 817-5662
ID000118,508-36-5238,HOWARD FISHER,2 Reinke Lane,(972) 325-6683
ID000119,663-89-7131,ERIC PHILLIPS,578 Westend Pass,(972) 893-0831
ID000120,582-89-0521,ALBERT CRUZ,04 Shopko Way,(972) 471-4420
ID000121,112-24-4907,TIMOTHY HARRISON,04099 Anhalt Place,(214) 849-7879
ID000122,593-24-8597,RONALD PHILLIPS,4632 Brentwood Hill,(469) 945-4638
ID000123,152-06-9743,ANTONIO BISHOP,212 Memorial Lane,(469) 835-8047
ID000124,917-73-0651,HOWARD GREEN,9 Florence Trail,(214) 875-8195
ID000125,550-66-4068,WILLIE MURPHY,09 Loeprich Parkway,(214) 954-5495
ID000126,151-32-0622,CHRISTINE WASHINGTON,95086 Eliot Alley,(469) 844-5383
ID000127,363-52-9311,ANGELA ELLIS,61 Chinook Avenue,(469) 912-7557
ID000128,498-97-9543,KATHY WAGNER,1 Columbus Crossing,(214) 958-2980
ID000129,109-59-3700,ANTONIO CARR,6996 Arizona Avenue,(469) 724-0803
ID000130,919-11-7074,SAMUEL ELLIS,69968 Meadow Ridge Alley,(469) 957-8249
ID000131,532-19-3189,BRUCE WILLIAMSON,51 Maywood Place,(214) 969-6651
ID000132,186-61-2257,RUBY MCDONALD,031 Ohio Lane,(214) 970-5621
ID000133,758-82-0981,JACK LARSON,43086 Dexter Way,(469) 913-6292
ID000134,789-85-0156,TAMMY HUNTER,08 Marquette Pass,(214) 919-0495
ID000135,144-61-2857,MILDRED RICHARDS,6863 Warbler Crossing,(469) 636-7310
ID000136,812-34-4775,JANET DIXON,1 Ridgeway Terrace,(972) 381-9665
ID000137,605-13-5959,ANTONIO HAMILTON,2545 Lerdahl Center,(214) 886-6681
ID000138,873-83-1740,LOUISE JORDAN,7326 Reindahl Point,(972) 518-9421
ID000139,992-25-4077,LINDA HUNT,710 Lighthouse Bay Point,(972) 754-7045
ID000140,222-46-0064,JOAN WEBB,90 Bashford Avenue,(469) 955-0632
ID000141,135-71-1523,KEVIN FRAZIER,47 Bluejay Hill,(972) 965-3683
ID000142,490-88-8407,TODD SCHMIDT,4 Lakeland Pass,(214) 903-6828
ID000143,797-95-4607,ANDREA SIMS,898 Killdeer Pass,(469) 988-0761
ID000144,959-24-3477,BARBARA BROOKS,305 Mendota Plaza,(469) 958-8251
ID000145,600-79-0040,KENNETH ANDERSON,246 Shopko Drive,(972) 998-5406
ID000146,704-59-6830,JESSICA KNIGHT,36 Forest Park,(469) 961-0488
ID000147,542-87-9344,DOROTHY ADAMS,2483 Melody Plaza,(972) 881-8472
ID000148,634-80-8812,PHILLIP ADAMS,4 Derek Point,(972) 918-0335
ID000149,599-72-6050,JAMES CARPENTER,6668 Ilene Court,(214) 820-8276
ID000150,751-57-0699,AMY LOPEZ,715 Westend Avenue,(469) 830-1019
ID000151,570-71-9526,FRANK GOMEZ,61280 Mallory Parkway,(214) 962-2973
ID000152,585-65-8864,DEBRA ROGERS,4 Southridge Place,(469) 753-7894
ID000153,784-42-3645,AARON CHAPMAN,840 Messerschmidt Plaza,(972) 753-3651
ID000154,327-00-2811,JERRY CRUZ,48314 Muir Crossing,(214) 973-8302
ID000155,209-64-5805,GERALD MCCOY,71113 Corry Circle,(469) 758-3820
ID000156,352-52-5321,MATTHEW WARD,3726 Oneill Terrace,(972) 668-2488
ID000157,312-33-6562,MARILYN ANDREWS,61664 Warrior Street,(972) 831-4215
ID000158,585-35-8539,LAWRENCE COLEMAN,0 Scoville Plaza,(469) 987-3187
ID000159,766-72-6736,SARAH BURTON,65230 Prairie Rose Point,(972) 736-0106
ID000160,519-22-1664,GERALD WHITE,82 Delaware Plaza,(214) 774-5757
ID000161,811-23-2706,SHAWN ROBERTSON,9 Troy Alley,(214) 943-9366
ID000162,983-17-1073,SAMUEL ARNOLD,1748 Monterey Road,(469) 741-5231
ID000163,153-09-5087,RUBY MCDONALD,00621 Killdeer Crossing,(469) 941-5043
ID000164,208-16-2580,LILLIAN KIM,47585 Nova Drive,(214) 740-2312
ID000165,604-54-4201,PAMELA BRADLEY,2 Lakewood Gardens Place,(469) 871-3326
ID000166,764-51-2571,RALPH CHAVEZ,15739 Vera Plaza,(214) 598-5319
ID000167,102-72-1991,MARTIN RICHARDS,8 New Castle Trail,(469) 976-0263
ID000168,743-82-1324,CHRIS SIMMONS,46833 Farmco Junction,(469) 810-0333
ID000169,915-27-6165,MARTIN STEVENS,573 Oneill Hill,(469) 570-2393
ID000170,615-68-8488,LISA WEST,55586 Ronald Regan Lane,(972) 998-4345
ID000171,538-66-1965,DANIEL MARSHALL,3 Manitowish Crossing,(469) 730-4725
ID000172,981-95-3778,JOHN HICKS,81 Northfield Place,(972) 727-1591
ID000173,802-73-6786,ROGER HARRISON,9 Meadow Vale Drive,(469) 941-5954
ID000174,777-08-7277,TERESA THOMPSON,06364 Gerald Street,(972) 670-1547
ID000175,445-90-2407,ARTHUR FREEMAN,51652 Russell Street,(469) 994-4509
ID000176,909-02-3006,HOWARD SIMPSON,95 Redwing Lane,(972) 910-0392
ID000177,790-10-1835,CHRISTOPHER SPENCER,6 Northfield Crossing,(214) 821-9650
ID000178,847-64-1856,THERESA WOOD,0420 Westport Circle,(469) 994-1901
ID000179,930-97-8594,LILLIAN WRIGHT,82972 Raven Road,(972) 960-5502
ID000180,823-59-4050,SARA ROGERS,7 Twin Pines Circle,(214) 984-5323
ID000181,831-37-2302,LINDA RICHARDS,046 Harper Center,(214) 998-2489
ID000182,139-70-8042,ALBERT CUNNINGHAM,414 Summer Ridge Trail,(972) 716-3924
ID000183,611-16-9228,DEBRA HOLMES,22 Bluejay Road,(972) 954-8773
ID000184,248-33-5177,JASON DAVIS,82931 Cardinal Junction,(214) 969-9787
ID000185,399-38-8513,JUSTIN FOWLER,1958 Leroy Way,(972) 915-2410
ID000186,515-58-4650,CATHERINE HARRIS,4091 Doe Crossing Alley,(469) 968-7984
ID000187,911-94-6409,GARY REYES,06 Shelley Parkway,(972) 985-2014
ID000188,952-37-2293,CLARENCE HARVEY,637 Blackbird Crossing,(972) 735-8046
ID000189,866-26-3470,KATHLEEN LYNCH,0 Northview Center,(469) 858-9821
ID000190,696-87-1283,ANGELA MYERS,07 Jenifer Point,(214) 996-3258
ID000191,525-30-0056,PAULA ROBERTS,2025 Annamark Court,(214) 919-1512
ID000192,455-25-1300,MARIE HUDSON,35523 Fulton Point,(972) 955-0047
ID000193,300-83-3012,VICTOR GEORGE,16 Butterfield Place,(469) 982-0024
ID000194,568-53-7223,JUDITH LANE,59463 Havey Center,(469) 962-1701
ID000195,219-13-1583,STEVEN CARPENTER,64 Rutledge Court,(972) 759-2760
ID000196,628-41-9882,BEVERLY WELCH,0 7th Point,(214) 758-2027
ID000197,553-83-0248,CHRIS COX,386 Coleman Avenue,(214) 902-1149
ID000198,664-42-3811,HEATHER DUNCAN,3 Acker Avenue,(972) 906-2444
ID000199,932-05-2280,HELEN COOPER,90887 Ohio Trail,(214) 723-9307
ID000200,359-15-6568,LINDA DIXON,0506 Boyd Plaza,(214) 940-0096
ID000201,377-03-6374,ERIC WOOD,730 Bonner Hill,(972) 959-7132
ID000202,956-77-5994,BRENDA BROOKS,4 Pennsylvania Hill,(972) 960-5440
ID000203,262-72-9956,FRED CRAWFORD,00 Mariners Cove Terrace,(972) 978-1543
ID000204,935-26-1044,ALAN MORRIS,2238 Debra Center,(469) 701-3591
ID000205,575-57-3479,JIMMY WATKINS,91873 Colorado Crossing,(469) 933-3579
ID000206,534-35-2839,KEITH FISHER,2 Muir Crossing,(972) 999-1883
ID000207,487-48-3434,ROSE OLIVER,3152 Thackeray Point,(214) 971-9384
ID000208,282-19-5051,JOHNNY VASQUEZ,809 Grover Circle,(972) 843-5554
ID000209,198-52-6239,JUDITH DUNN,337 Northview Point,(972) 999-1156
ID000210,165-45-3343,ROGER FREEMAN,13 Farmco Way,(469) 854-9842
ID000211,983-87-0005,RICHARD BAILEY,3108 Browning Park,(214) 718-0392
ID000212,387-20-1613,ERNEST PALMER,66600 Pleasure Drive,(214) 238-1120
ID000213,440-22-0860,JANICE LONG,26577 Laurel Road,(214) 972-0889
ID000214,589-60-2564,THOMAS SCHMIDT,0 New Castle Crossing,(469) 745-9014
ID000215,564-07-7138,KATHRYN HAYES,18504 Basil Hill,(469) 831-7793
ID000216,106-58-8800,CHRIS PERKINS,14865 John Wall Center,(972) 957-3368
ID000217,664-12-8122,THOMAS SCOTT,449 Schurz Parkway,(469) 914-5396
ID000218,394-69-4479,JUDY RICHARDS,9420 Main Hill,(469) 871-8324
ID000219,977-89-1063,JANICE GARRETT,2998 Chive Place,(214) 809-6943
ID000220,720-12-0662,RAYMOND PETERSON,892 Fairfield Point,(469) 947-5199
ID000221,344-03-8015,MARILYN WILLIAMS,0 John Wall Circle,(214) 992-8183
ID000222,166-80-9145,TERESA REID,9224 Manufacturers Terrace,(972) 457-6436
ID000223,628-54-4529,IRENE MEDINA,51 Southridge Pass,(972) 994-3852
ID000224,763-92-5219,LINDA CARPENTER,43 Dovetail Road,(972) 866-8440
ID000225,468-30-6717,JONATHAN HARRISON,113 Havey Crossing,(469) 900-2769
ID000226,716-63-5871,LAURA GRAHAM,72346 Emmet Place,(469) 892-4249
ID000227,462-64-8746,SHARON PIERCE,9 Clove Trail,(972) 930-5410
ID000228,890-27-4530,KATHERINE BOYD,90 Park Meadow Junction,(214) 652-5153
ID000229,875-97-7822,BRIAN PERKINS,5988 Havey Street,(972) 973-2502
ID000230,867-84-8327,ERIC COOPER,7 Granby Road,(972) 970-2642
ID000231,907-94-1254,RANDY STANLEY,94552 Linden Court,(972) 815-8835
ID000232,319-59-2633,PAMELA GUTIERREZ,50236 Goodland Lane,(972) 968-2569
ID000233,145-92-8000,KEITH PERKINS,9543 Farragut Road,(214) 804-0599
ID000234,361-70-3782,SCOTT SPENCER,5 Lukken Junction,(214) 701-4621
ID000235,992-96-4866,TODD BRYANT,418 Onsgard Hill,(214) 980-7359
ID000236,916-54-8159,JOSE ANDERSON,2705 Ohio Junction,(214) 530-2752
ID000237,133-83-4824,AMANDA DAVIS,1636 Norway Maple Place,(469) 913-5733
ID000238,712-12-8661,RICHARD CRUZ,69 Marquette Park,(469) 902-7741
ID000239,325-77-2883,SARA WALKER,18924 3rd Circle,(972) 932-7544
ID000240,974-70-9717,GLORIA SANDERS,36961 Green Ridge Place,(214) 937-3306
ID000241,584-04-3187,JONATHAN HARRIS,286 Merry Way,(469) 873-4473
ID000242,152-31-3951,JUAN FIELDS,291 Marquette Parkway,(972) 916-7303
ID000243,950-88-3244,WANDA MILLS,79024 Surrey Way,(469) 920-6298
ID000244,315-12-0643,KAREN DAVIS,83 Holy Cross Drive,(972) 890-5755
ID000245,328-21-2988,SCOTT MONTGOMERY,96247 Oriole Circle,(972) 929-5312
ID000246,752-03-8294,MICHAEL STEVENS,356 Shoshone Drive,(469) 803-5017
ID000247,223-10-5941,ANDREA BAKER,90 Heath Drive,(469) 930-1109
ID000248,383-36-2902,MARILYN ALEXANDER,443 Dottie Circle,(972) 406-2617
ID000249,556-96-7003,HARRY ALVAREZ,636 Express Way,(214) 954-5716
ID000250,760-25-1865,ROSE PETERSON,034 Shelley Drive,(972) 861-4171
ID000251,196-06-0978,BARBARA GARCIA,5690 Acker Road,(469) 517-8843
ID000252,140-56-2974,ANN BERRY,37940 Morning Hill,(972) 918-7984
ID000253,493-92-4232,PAUL TURNER,75287 Pleasure Place,(972) 782-6768
ID000254,353-18-9662,THERESA DAY,9 American Ash Crossing,(972) 909-4722
ID000255,926-42-8995,ANDREW GILBERT,8 American Parkway,(972) 834-2804
ID000256,741-11-7814,ALICE TURNER,4 Namekagon Lane,(214) 660-6741
ID000257,700-23-8477,JULIE SMITH,61345 Namekagon Place,(469) 861-2346
ID000258,390-30-8158,ALICE CARR,7564 Ohio Plaza,(214) 549-1687
ID000259,941-05-7192,HARRY BAKER,7 Straubel Center,(469) 590-5412
ID000260,949-37-6371,DONNA COOPER,1629 Summer Ridge Plaza,(469) 957-3027
ID000261,947-04-7262,LAURA ROGERS,7776 Summer Ridge Court,(972) 730-7675
ID000262,443-61-5562,JESSICA HICKS,17138 Ryan Circle,(469) 815-6162
ID000263,428-09-7397,GEORGE TURNER,4 Quincy Pass,(214) 958-2175
ID000264,354-53-8826,JOAN WATKINS,9601 Lerdahl Pass,(214) 814-9170
ID000265,757-21-3141,ANDREA GONZALEZ,127 Russell Hill,(972) 809-5959
ID000266,924-17-9942,BILLY LITTLE,46 Autumn Leaf Junction,(972) 986-6001
ID000267,778-68-6617,TERESA MARSHALL,2 Sheridan Trail,(469) 884-2394
ID000268,431-20-0144,BENJAMIN LYNCH,53 Tennyson Park,(469) 877-9851
ID000269,851-35-0300,NANCY DIXON,4 Dwight Street,(972) 770-3641
ID000270,583-40-6101,JEAN DUNN,4 North Street,(469) 995-6149
ID000271,125-98-5061,ANTHONY GARDNER,9823 Donald Terrace,(972) 432-3180
ID000272,750-84-1386,BENJAMIN MORRISON,21 Oriole Terrace,(214) 409-6322
ID000273,319-09-3742,ANNE DIXON,9579 Browning Crossing,(972) 907-6080
ID000274,585-90-0674,DENISE WALLACE,6021 Portage Park,(972) 940-4355
ID000275,416-38-3510,LINDA OWENS,13 Monterey Alley,(214) 836-3577
ID000276,614-68-5656,LARRY WARREN,2657 Mitchell Hill,(972) 938-7212
ID000277,984-48-8111,EDWARD HUNT,6 Claremont Avenue,(972) 763-1900
ID000278,446-20-4077,HARRY MCDONALD,22283 Farragut Place,(214) 873-3156
ID000279,154-67-1759,LAWRENCE WELLS,841 Delaware Place,(214) 976-7034
ID000280,218-70-1729,MARTIN FULLER,53309 Buhler Place,(469) 667-3361
ID000281,685-99-2971,ROGER ELLIS,74213 Charing Cross Circle,(972) 976-7863
ID000282,551-99-0871,PATRICK MORENO,490 Rockefeller Lane,(972) 955-5269
ID000283,156-64-6797,ANDREW COLE,30 Sunfield Pass,(214) 879-7342
ID000284,704-85-7803,JOAN HUDSON,4 Everett Court,(214) 954-1417
ID000285,491-79-6292,CHRIS POWELL,4 Jenifer Circle,(469) 726-7925
ID000286,164-90-8064,ANNA PEREZ,1241 Graceland Court,(469) 996-2325
ID000287,857-94-0950,DEBRA GRAY,251 Monterey Hill,(469) 973-4499
ID000288,581-46-2753,ANNIE SHAW,561 Cody Crossing,(214) 764-1587
ID000289,300-46-8310,SHAWN MARTINEZ,19 Lunder Park,(469) 986-4161
ID000290,691-97-1438,MARY GRAHAM,701 Cordelia Court,(214) 687-0840
ID000291,239-90-4011,JANET WEST,2308 Division Center,(214) 978-0541
ID000292,702-60-4201,AARON ARNOLD,5886 Banding Trail,(214) 955-5863
ID000293,253-17-0796,JUSTIN BROWN,611 Green Plaza,(214) 901-6023
ID000294,547-06-9057,GEORGE TORRES,64206 Calypso Hill,(972) 925-4199
ID000295,722-28-9325,BRIAN ROMERO,4418 Green Ridge Terrace,(469) 825-9159
ID000296,488-01-1020,LAWRENCE MORRIS,42 Magdeline Pass,(214) 942-2979
ID000297,947-93-9771,PATRICK GARCIA,1 Nevada Parkway,(469) 827-6118
ID000298,708-32-6866,ASHLEY MORENO,067 Morning Park,(469) 869-6226
ID000299,421-79-0842,AARON ELLIS,1925 Grasskamp Alley,(469) 937-9272
ID000300,554-28-3296,JIMMY JAMES,3 Knutson Way,(972) 930-8175
ID000301,271-28-4504,MARIA TORRES,56168 Arizona Drive,(214) 931-8328
ID000302,453-78-4845,CHRIS OWENS,6 Browning Park,(972) 701-4889
ID000303,556-27-9759,ELIZABETH HARVEY,1995 Nelson Park,(972) 992-9375
ID000304,212-61-9406,JANE BAKER,0062 Sunbrook Junction,(469) 754-6653
ID000305,142-06-8429,LISA KELLEY,272 Larry Drive,(469) 930-6637
ID000306,205-62-6313,JONATHAN DIAZ,18283 Brown Center,(469) 940-2479
ID000307,592-93-9926,MILDRED ALLEN,5734 La Follette Point,(469) 946-2268
ID000308,714-97-1208,LINDA ROGERS,0590 Northport Drive,(972) 947-1564
ID000309,949-18-1878,GARY GARRETT,5285 2nd Court,(469) 939-2476
ID000310,454-36-5067,EARL HALL,7755 Park Meadow Way,(214) 882-0672
ID000311,586-20-4125,BENJAMIN BAILEY,72101 Elmside Parkway,(214) 896-3364
ID000312,853-10-4620,ANGELA GRAHAM,5 High Crossing Crossing,(972) 878-1468
ID000313,132-68-7899,DENNIS HUNTER,7 2nd Place,(469) 967-8745
ID000314,618-21-2736,MATTHEW STEVENS,9603 Hansons Way,(469) 861-3808
ID000315,852-75-0048,ANNIE FREEMAN,7466 Gulseth Alley,(972) 921-0146
ID000316,652-37-4979,RICHARD LAWSON,792 Dottie Circle,(214) 545-9387
ID000317,953-35-3551,SUSAN ALLEN,6 Morrow Alley,(214) 748-0451
ID000318,269-55-4900,ROSE COLEMAN,26094 Loomis Alley,(469) 819-2212
ID000319,398-57-5624,KATHY ELLIOTT,28 Boyd Pass,(469) 996-0439
ID000320,769-13-6801,TERESA BROOKS,57699 Oak Circle,(972) 731-4160
ID000321,781-65-2211,JULIE LANE,8261 Magdeline Road,(214) 930-8339
ID000322,880-14-5596,JESSICA DAY,80 Cascade Junction,(214) 947-1788
ID000323,472-47-3959,BILLY CRUZ,75 Mosinee Court,(214) 797-5929
ID000324,628-10-4874,MARTHA MCCOY,74 Claremont Park,(214) 915-1572
ID000325,799-41-8699,FRANCES LONG,0 Schlimgen Alley,(214) 951-4800
ID000326,826-57-4791,CAROLYN DUNCAN,1 Merry Place,(214) 279-8556
ID000327,497-33-4483,RYAN MENDOZA,9 Myrtle Way,(214) 867-1887
ID000328,733-61-4241,JERRY OLIVER,0 Vera Alley,(469) 734-8276
ID000329,669-72-6189,JUAN SMITH,3 Dixon Parkway,(214) 909-9366
ID000330,867-23-4679,MARILYN WHITE,769 Mayfield Center,(972) 933-0968
ID000331,410-60-8961,ANNE MORENO,60 Raven Pass,(214) 886-0662
ID000332,381-83-9299,RUBY GREENE,328 Fallview Center,(214) 872-7995
ID000333,186-53-8147,SHAWN RIVERA,8 American Hill,(972) 528-2505
ID000334,100-08-2010,TINA HAMILTON,24695 Di Loreto Crossing,(972) 755-6424
ID000335,166-29-5051,BENJAMIN GRAHAM,08 New Castle Avenue,(214) 983-4311
ID000336,869-23-6916,DORIS BAILEY,5773 Eastlawn Center,(469) 801-1479
ID000337,242-20-9101,JASON WASHINGTON,3225 Vera Lane,(972) 931-0247
ID000338,456-04-0469,EVELYN WILSON,9873 Kim Center,(469) 901-5209
ID000339,812-93-7575,STEVE CUNNINGHAM,5615 Mcbride Park,(214) 883-3172
ID000340,696-31-4035,HENRY HOWARD,9 Lakewood Avenue,(214) 848-6192
ID000341,399-88-0576,TIMOTHY CRAWFORD,39384 Tony Terrace,(972) 729-2932
ID000342,342-52-5404,TODD ROSE,8 Mosinee Plaza,(469) 893-2893
ID000343,699-25-9472,MARY NELSON,8 Colorado Avenue,(214) 241-4452
ID000344,188-14-3830,JASON WATKINS,74155 Welch Terrace,(972) 915-1343
ID000345,562-73-5031,KATHY COLE,8600 Anniversary Pass,(214) 993-7915
ID000346,633-54-2851,ALBERT REYES,43 Transport Pass,(469) 808-4965
ID000347,256-93-5132,AARON HARVEY,1807 Prairieview Pass,(214) 632-9282
ID000348,973-81-6951,JACK WARD,5 Susan Plaza,(972) 918-4342
ID000349,324-71-1906,DOROTHY SPENCER,90651 Bellgrove Junction,(972) 892-8862
ID000350,227-59-5562,LAWRENCE HUNT,2 Randy Court,(972) 962-4743
ID000351,931-62-4904,BEVERLY FERNANDEZ,480 Toban Lane,(469) 975-3330
ID000352,625-57-7457,KAREN JOHNSTON,3 Coleman Plaza,(214) 768-1518
ID000353,285-70-4379,HOWARD GONZALEZ,7699 Dakota Terrace,(214) 905-6019
ID000354,490-16-4375,DOROTHY GRAHAM,9 Mcguire Alley,(469) 619-4224
ID000355,246-40-5583,BARBARA ANDERSON,77 Ronald Regan Park,(214) 947-1531
ID000356,697-56-6815,FRANCES WILLIS,61438 Becker Park,(469) 900-5979
ID000357,878-94-1305,MARTHA ARNOLD,52279 Hauk Plaza,(469) 968-6237
ID000358,721-32-2687,MARIA MEDINA,6 Gina Crossing,(214) 851-3813
ID000359,842-65-5010,JONATHAN FOX,32 Springs Road,(972) 916-5884
ID000360,657-17-6421,CARLOS CARTER,96207 3rd Park,(214) 928-7624
ID000361,422-81-7045,ADAM FERGUSON,0 Summerview Court,(214) 957-5621
ID000362,644-09-0337,NICHOLAS WHEELER,756 Pleasure Circle,(469) 973-3255
ID000363,903-98-1679,RAYMOND ROGERS,16 Monument Parkway,(469) 887-9227
ID000364,847-29-3619,BRANDON STEVENS,94647 Village Junction,(214) 693-6689
ID000365,822-62-5312,LORI FERGUSON,49 Sachtjen Crossing,(214) 968-1515
ID000366,629-41-9551,ROY TURNER,61544 Talmadge Drive,(469) 927-5678
ID000367,235-79-8503,MARTHA WARREN,94 Vahlen Hill,(972) 776-3863
ID000368,265-90-7820,RUBY ANDERSON,0482 Haas Terrace,(469) 873-2923
ID000369,694-92-0573,STEVEN BAILEY,8987 Lawn Park,(469) 938-8249
ID000370,143-30-2355,MELISSA PERKINS,0039 Hanson Court,(972) 995-3027
ID000371,344-69-2006,RUBY ROSS,86591 Roxbury Circle,(214) 917-1080
ID000372,566-64-7874,BILLY KING,831 Sutherland Point,(214) 846-6560
ID000373,163-65-8067,MILDRED SANCHEZ,09 Annamark Circle,(469) 877-2424
ID000374,588-45-9557,LINDA DUNCAN,09159 Charing Cross Way,(972) 877-3172
ID000375,142-74-6194,JANICE MONTGOMERY,661 Grasskamp Alley,(214) 905-8688
ID000376,694-58-3169,ROBIN COX,0 Gerald Court,(972) 722-1586
ID000377,513-11-0091,CAROL HOWELL,273 Sullivan Lane,(214) 831-1374
ID000378,432-49-7884,DORIS WELCH,74 Oakridge Alley,(469) 983-6603
ID000379,204-46-7713,DEBRA KELLY,0 Maywood Street,(469) 926-2312
ID000380,597-00-1738,SCOTT MORALES,823 Sherman Point,(469) 801-1210
ID000381,221-70-6594,LOUISE MURPHY,7113 Carpenter Drive,(469) 988-1773
ID000382,300-48-5255,JACK CRUZ,55322 Linden Point,(469) 896-0110
ID000383,823-59-7520,TERESA CARTER,4757 Kingsford Street,(214) 964-1732
ID000384,526-53-0309,ERIC FLORES,0 Vera Center,(214) 868-2141
ID000385,996-22-6511,LOUIS ELLIOTT,02 Jenna Trail,(972) 567-4117
ID000386,688-12-7828,NICHOLAS EVANS,13 Russell Lane,(214) 975-3027
ID000387,389-89-9874,EVELYN BAILEY,77832 West Park,(972) 978-9540
ID000388,614-07-9273,ARTHUR RAY,3079 Donald Point,(469) 754-2762
ID000389,189-81-8299,SHAWN BURNS,51 Nelson Plaza,(469) 978-8065
ID000390,874-30-0223,HENRY WALLACE,4139 Spaight Road,(972) 524-8949
ID000391,841-42-8500,KATHY GARCIA,3657 Anhalt Trail,(469) 867-8069
ID000392,933-68-6811,KENNETH SANCHEZ,06600 Utah Crossing,(972) 810-0694
ID000393,124-81-1894,CARL BISHOP,01 Goodland Junction,(469) 792-3214
ID000394,255-45-0108,HARRY TUCKER,8 Waubesa Parkway,(214) 925-4392
ID000395,694-43-1375,CHRISTOPHER MARSHALL,34693 Warbler Junction,(214) 646-3142
ID000396,405-10-9736,RUSSELL MURPHY,9552 Mandrake Center,(214) 843-3552
ID000397,752-91-8139,JESSICA CARR,9 Sutteridge Pass,(469) 949-9851
ID000398,324-70-7021,CHERYL MOORE,0 2nd Plaza,(972) 272-0101
ID000399,903-05-2325,LORI CARROLL,879 Clarendon Alley,(469) 989-2206
ID000400,323-48-3150,FRANK MARTIN,428 Lindbergh Way,(972) 802-1808
ID000401,748-29-7839,JOYCE ALLEN,5911 Troy Pass,(469) 935-7570
ID000402,203-92-3954,PHILIP GONZALEZ,2 Buhler Street,(214) 941-2219
ID000403,483-93-2540,NICOLE BELL,69 Manitowish Lane,(214) 901-7334
ID000404,235-14-1141,JOSEPH PERRY,45 Judy Trail,(214) 938-2436
ID000405,138-49-9901,DORIS PETERSON,56 Oxford Avenue,(214) 956-2812
ID000406,311-51-3288,GREGORY MARSHALL,17 Eastwood Terrace,(214) 824-0301
ID000407,359-35-2008,VIRGINIA KELLY,37408 Morrow Court,(972) 839-9825
ID000408,608-20-9205,BEVERLY HAWKINS,0 Hovde Terrace,(469) 814-1846
ID000409,539-33-7584,SCOTT GONZALEZ,623 Westend Way,(469) 928-6396
ID000410,407-50-8210,PAUL MCDONALD,334 Orin Avenue,(972) 994-1541
ID000411,158-21-4344,DENNIS DUNCAN,05 Mitchell Hill,(469) 906-7817
ID000412,146-55-7699,MARY RYAN,24029 Nevada Way,(469) 827-6766
ID000413,870-93-1419,VICTOR SMITH,0 Helena Point,(214) 828-3216
ID000414,752-50-3597,RUBY MURRAY,4920 Westend Court,(214) 859-6221
ID000415,894-84-4831,JEAN GARZA,91 Havey Plaza,(972) 738-9037
ID000416,327-53-6005,ANDREW JORDAN,38498 Park Meadow Crossing,(469) 762-1505
ID000417,868-79-0477,HARRY MARSHALL,24 Heffernan Crossing,(972) 927-0592
ID000418,409-03-9079,WAYNE FRANKLIN,35 Continental Alley,(214) 741-9000
ID000419,653-59-9039,LILLIAN GONZALEZ,9922 Arkansas Circle,(972) 872-9248
ID000420,718-47-6143,RACHEL BISHOP,70227 Vernon Way,(972) 798-2559
ID000421,841-96-3890,ALAN LYNCH,332 Dayton Plaza,(214) 930-8850
ID000422,931-94-4929,CARLOS RAY,62 Monument Park,(469) 942-7494
ID000423,720-85-0355,FRANK TAYLOR,5 Lien Center,(214) 621-5602
ID000424,836-23-8686,MELISSA BURTON,5 Springs Lane,(469) 567-0603
ID000425,999-28-2020,ANNE NELSON,34365 Kropf Park,(972) 904-1974
ID000426,919-67-6865,AMANDA BAILEY,29 Continental Point,(214) 819-4931
ID000427,362-09-9834,CHRIS DUNCAN,35 Alpine Avenue,(214) 940-2965
ID000428,762-37-8033,ELIZABETH GIBSON,6602 Namekagon Way,(972) 863-7573
ID000429,424-50-1775,KEITH BROWN,471 Burning Wood Park,(214) 849-4296
ID000430,221-74-2881,KAREN SANCHEZ,71 Old Gate Point,(214) 915-6512
ID000431,467-35-1217,MARILYN MEYER,3981 Lerdahl Point,(972) 956-5459
ID000432,142-41-8822,HAROLD LITTLE,81271 Evergreen Lane,(469) 888-8096
ID000433,626-74-9990,HENRY DEAN,4913 Brentwood Center,(469) 950-2072
ID000434,468-99-7446,JOYCE RIVERA,3 Johnson Pass,(469) 982-3317
ID000435,560-85-1499,MARIE JOHNSON,6 Graedel Street,(972) 701-4623
ID000436,650-87-6068,AARON CLARK,5169 Bashford Point,(214) 931-4554
ID000437,262-55-8913,ANNE CAMPBELL,0140 Grover Place,(214) 962-1673
ID000438,691-11-1485,JANICE GARRETT,439 Prentice Hill,(972) 911-1842
ID000439,772-97-8655,BOBBY JOHNSON,7 Moulton Crossing,(469) 948-5326
ID000440,807-93-7008,FRED WELCH,0 Lukken Alley,(214) 955-3447
ID000441,464-18-8734,LAURA CHAPMAN,304 Lunder Hill,(469) 823-5855
ID000442,307-70-2725,ALBERT CASTILLO,2 Beilfuss Center,(214) 705-0297
ID000443,528-91-7558,JULIA OLIVER,42421 Farmco Street,(972) 780-5174
ID000444,408-53-0520,DAVID RUSSELL,57840 Laurel Alley,(972) 852-7339
ID000445,520-76-6004,RUSSELL MONTGOMERY,18 Hagan Pass,(972) 389-6002
ID000446,660-90-8261,JOE PRICE,1 Leroy Park,(214) 527-9098
ID000447,799-34-0025,ANTHONY HARRISON,7123 Bunker Hill Junction,(972) 970-2532
ID000448,870-49-6647,GREGORY HUDSON,42 Park Meadow Park,(972) 883-9738
ID000449,707-63-8293,MICHELLE CHAPMAN,29 Rieder Pass,(972) 911-7317
ID000450,469-39-1386,CHRIS BAILEY,8 South Court,(214) 935-4761
ID000451,553-57-0780,KEVIN WOOD,0 Pierstorff Park,(469) 876-1298
ID000452,316-43-6159,LOUISE SPENCER,4462 Blaine Avenue,(214) 877-5122
ID000453,455-51-2609,RUTH LEE,58 Waubesa Avenue,(469) 940-2041
ID000454,995-34-9938,CAROLYN ALEXANDER,634 Judy Pass,(214) 882-9567
ID000455,149-26-9323,BARBARA RIVERA,93 North Pass,(972) 696-7148
ID000456,889-46-9650,ADAM MCDONALD,20734 Beilfuss Park,(972) 846-7469
ID000457,242-32-1789,SARA GRAHAM,4992 Ridgeview Court,(469) 586-2569
ID000458,900-93-1217,HENRY SPENCER,919 7th Plaza,(214) 949-3097
ID000459,669-83-7441,LILLIAN AUSTIN,8 Eagle Crest Way,(469) 980-2648
ID000460,989-79-1559,JERRY PIERCE,16 Charing Cross Center,(469) 546-3297
ID000461,336-44-7837,EMILY RUIZ,1 Claremont Junction,(214) 961-5149
ID000462,928-58-0480,LILLIAN BAKER,111 Village Plaza,(469) 643-7532
ID000463,186-05-2080,RUTH BUTLER,41052 Waubesa Lane,(972) 760-5201
ID000464,922-11-3673,CATHERINE WELCH,666 Kim Crossing,(972) 895-2567
ID000465,209-54-9222,HOWARD CASTILLO,4069 Oneill Point,(214) 332-8692
ID000466,352-50-9918,JUSTIN SANDERS,2 Mayer Junction,(214) 883-7551
ID000467,651-14-8311,RONALD ROBERTS,25 South Lane,(972) 703-1253
ID000468,724-31-5669,JANE HARRISON,8070 Clarendon Parkway,(469) 907-0689
ID000469,506-88-8490,BENJAMIN GRANT,89750 Kenwood Crossing,(469) 978-2012
ID000470,581-20-4224,HARRY MILLER,721 High Crossing Court,(214) 867-9998
ID000471,878-06-0469,MATTHEW BURKE,735 Toban Park,(972) 915-3614
ID000472,246-12-3136,CHRISTINE CHAVEZ,560 Atwood Pass,(214) 937-6446
ID000473,938-95-9106,ERIC HERNANDEZ,80149 Haas Court,(214) 905-1189
ID000474,734-24-8047,DIANA JONES,499 Pearson Junction,(469) 838-4299
ID000475,829-11-9179,JANET RICE,35291 Bunker Hill Way,(214) 291-3432
ID000476,744-91-0994,DIANE RUIZ,36 Cambridge Park,(469) 888-5191
ID000477,981-13-1196,THERESA RUSSELL,589 Northwestern Park,(214) 851-1236
ID000478,770-00-5747,WAYNE HUNT,9818 Westend Center,(469) 941-4660
ID000479,842-92-7572,VIRGINIA GORDON,76 Tony Road,(214) 913-8462
ID000480,737-53-3435,GLORIA RICE,9 Golf View Alley,(214) 920-9672
ID000481,451-56-2506,MILDRED BUTLER,67 Westerfield Avenue,(469) 283-4838
ID000482,368-38-1777,DEBRA WEST,4799 Melody Parkway,(972) 966-6826
ID000483,199-36-9132,NANCY WHEELER,737 Doe Crossing Trail,(972) 898-3947
ID000484,931-76-2866,LAWRENCE STONE,8 Darwin Alley,(214) 949-9916
ID000485,371-28-8168,RACHEL REYES,6 Anniversary Alley,(972) 939-6714
ID000486,435-69-4707,AMANDA SIMPSON,15 Dixon Street,(972) 740-1910
ID000487,235-32-3985,LORI CARROLL,213 Forest Point,(469) 958-8957
ID000488,148-55-6625,BOBBY AUSTIN,62352 Pankratz Road,(972) 912-7272
ID000489,253-35-6885,BRENDA CARPENTER,6664 Prairie Rose Point,(214) 986-1471
ID000490,817-44-1979,SHARON MASON,33 Moulton Lane,(972) 901-1745
ID000491,639-31-4924,JOSHUA ROSS,4376 Kropf Road,(214) 915-4707
ID000492,926-53-1333,MELISSA MCCOY,08770 Moland Lane,(469) 926-4571
ID000493,728-54-9849,BOBBY KELLY,79 Burning Wood Pass,(214) 860-1350
ID000494,846-65-0817,JENNIFER ORTIZ,25989 Mccormick Drive,(469) 874-7030
ID000495,810-70-4323,CHRIS CARTER,50486 Grim Alley,(469) 916-1204
ID000496,919-26-6378,CHRISTOPHER GONZALES,49163 Moose Point,(214) 959-6901
ID000497,966-29-4430,ALBERT GIBSON,90 Lillian Trail,(469) 951-7990
ID000498,435-99-9670,DORIS ROSE,1891 Melrose Terrace,(972) 849-4915
ID000499,416-21-6778,MARILYN JORDAN,61 Eagle Crest Junction,(214) 796-3512
ID000500,306-68-0158,JOE BOWMAN,26225 8th Road,(972) 882-8221
ID000501,840-12-3188,DENISE PRICE,46 Knutson Drive,(972) 488-9450
ID000502,332-41-0512,EVELYN EDWARDS,7867 Nancy Park,(972) 209-1095
ID000503,196-02-7403,KIMBERLY HERNANDEZ,2 Buell Drive,(469) 779-6890
ID000504,388-55-1450,NORMA BOYD,35 Service Court,(972) 833-7491
ID000505,395-16-7095,SHARON RAMOS,39 Daystar Hill,(214) 898-7050
ID000506,541-25-5056,RACHEL RILEY,01017 Jay Plaza,(972) 803-8359
ID000507,132-58-8039,RANDY JENKINS,794 Buena Vista Road,(469) 894-9345
ID000508,774-38-4043,JOHN CLARK,0708 North Terrace,(469) 918-1359
ID000509,495-55-0985,RUBY HANSEN,8756 Wayridge Drive,(469) 941-4442
ID000510,739-90-9261,ASHLEY PETERS,28880 4th Alley,(972) 893-4339
ID000511,377-63-8268,ALBERT GARCIA,0 Maple Terrace,(972) 931-7094
ID000512,150-30-2288,CLARENCE HOLMES,291 1st Terrace,(214) 952-6641
ID000513,849-92-8312,JULIE PARKER,3377 Dahle Street,(214) 876-9952
ID000514,953-43-1417,MICHAEL MARTINEZ,0967 Melrose Avenue,(214) 935-8776
ID000515,337-86-8085,WILLIAM BERRY,9 Hagan Street,(214) 885-1966
ID000516,465-95-8833,GERALD BURKE,5175 Florence Center,(469) 999-7380
ID000517,960-83-9340,LINDA RODRIGUEZ,2427 Reindahl Park,(972) 664-5725
ID000518,709-91-1641,TERRY STEPHENS,27291 Farragut Court,(972) 890-0078
ID000519,423-06-4282,TIMOTHY HUNT,4219 Westport Hill,(214) 950-1960
ID000520,622-29-9732,RICHARD CRUZ,813 Darwin Avenue,(972) 889-2210
ID000521,631-12-8701,GREGORY GOMEZ,3993 American Circle,(972) 867-8273
ID000522,699-59-0681,LOUISE GARZA,14760 Bobwhite Terrace,(469) 893-7918
ID000523,762-63-8070,JAMES ADAMS,055 Alpine Way,(972) 925-4501
ID000524,149-42-1309,VICTOR GARDNER,12141 Corscot Junction,(972) 962-2925
ID000525,531-67-5941,ERNEST LANE,66226 Nova Way,(469) 999-6823
ID000526,156-63-1943,JOE GRIFFIN,205 Fuller Plaza,(469) 912-4055
ID000527,664-38-4205,SEAN KELLY,3 Gerald Court,(214) 970-9971
ID000528,662-87-7945,ANGELA TURNER,53 Colorado Pass,(469) 945-2673
ID000529,678-62-8472,JERRY HOWARD,68198 Monterey Parkway,(972) 936-3734
ID000530,216-37-2770,ASHLEY LOPEZ,405 Hovde Way,(972) 956-4194
ID000531,302-51-0303,ALBERT MARSHALL,933 Claremont Avenue,(972) 771-8796
ID000532,194-03-3629,MICHELLE WILLIAMS,07 Marquette Road,(469) 921-7056
ID000533,303-31-8810,SHARON WELLS,23 Twin Pines Parkway,(972) 841-5472
ID000534,785-25-4186,DORIS GORDON,358 Pearson Court,(469) 945-1043
ID000535,395-22-8160,PATRICIA LONG,76 Jana Place,(469) 711-2650
ID000536,374-21-6461,HELEN LEE,65137 Summerview Crossing,(469) 656-8757
ID000537,746-77-1077,KIMBERLY COLLINS,9629 Delaware Crossing,(469) 789-3606
ID000538,376-27-2540,MARY DUNN,6848 Sunbrook Parkway,(214) 961-2821
ID000539,756-45-3967,AMY HARPER,5863 Boyd Drive,(214) 988-3185
ID000540,873-25-3246,BOBBY LONG,35 Paget Circle,(214) 910-1295
ID000541,447-50-8678,SARA YOUNG,71916 Sherman Point,(972) 918-2624
ID000542,303-61-3106,KATHY OLIVER,0 Victoria Junction,(972) 784-8364
ID000543,693-54-6232,RUBY RAY,17 Hermina Point,(214) 987-1219
ID000544,107-16-4727,LORI SCHMIDT,181 Rowland Hill,(469) 786-6455
ID000545,160-60-2907,RAYMOND FOX,1 Farwell Avenue,(214) 986-0132
ID000546,192-57-3114,NANCY TURNER,1 Vermont Alley,(214) 984-4444
ID000547,214-13-7727,GREGORY RICHARDS,9 Vidon Street,(214) 911-5776
ID000548,480-37-2448,LAWRENCE PEREZ,6441 Derek Junction,(972) 932-7049
ID000549,279-03-2319,THOMAS PIERCE,73803 Prairieview Alley,(214) 837-7005
ID000550,860-31-5301,STEVE LARSON,6 Nobel Trail,(469) 818-8073
ID000551,375-32-0893,AARON COLEMAN,62 Golden Leaf Crossing,(972) 965-7245
ID000552,335-17-5061,JOE DANIELS,916 Marcy Way,(972) 852-7588
ID000553,273-16-3483,THERESA PORTER,8868 Blaine Pass,(214) 841-2263
ID000554,690-78-4766,KATHLEEN CRAWFORD,44 Elmside Place,(214) 466-2521
ID000555,371-48-9808,JOE BRADLEY,90362 Kipling Plaza,(214) 934-9993
ID000556,957-05-0987,PAUL JACOBS,512 Tennessee Place,(214) 842-8747
ID000557,229-10-8054,ANDREW REID,7654 Moland Terrace,(972) 610-4548
ID000558,714-89-8210,RALPH GEORGE,072 Merchant Trail,(972) 917-6796
ID000559,401-33-5380,JEREMY BROWN,2 Old Shore Park,(469) 982-3476
ID000560,953-58-5532,NICHOLAS KENNEDY,2067 Jana Parkway,(214) 951-6843
ID000561,818-63-4715,RONALD WELLS,37 Prairieview Parkway,(469) 672-3875
ID000562,984-16-0277,ALBERT GILBERT,7169 Scoville Avenue,(972) 599-7668
ID000563,762-90-9837,JASON TURNER,208 Summit Park,(972) 919-7729
ID000564,229-26-6155,ARTHUR SPENCER,624 Kropf Terrace,(469) 790-4776
ID000565,673-35-9377,BONNIE RAY,20935 Vahlen Pass,(469) 690-0504
ID000566,414-82-6319,CAROL RYAN,43 Sloan Avenue,(469) 959-3742
ID000567,832-18-4025,KEVIN LITTLE,244 Tony Center,(214) 865-6806
ID000568,562-28-1756,TODD HALL,3896 Corscot Circle,(214) 623-7406
ID000569,243-20-4627,RALPH HART,16083 Lillian Crossing,(469) 916-1028
ID000570,152-91-1428,RUBY MARTIN,6 Merry Trail,(469) 781-1733
ID000571,200-92-4036,JULIA KIM,30 Corscot Terrace,(972) 826-8872
ID000572,869-20-2424,LAWRENCE REYES,70001 Lunder Pass,(469) 952-7199
ID000573,766-56-6664,RONALD RIVERA,0 Fuller Trail,(469) 977-6988
ID000574,966-33-9584,KENNETH MEDINA,652 Melody Avenue,(469) 815-2235
ID000575,761-70-9256,ANGELA CLARK,916 Elka Place,(972) 726-9437
ID000576,191-21-0161,DIANE BROWN,4221 Petterle Junction,(972) 633-7951
ID000577,597-21-1875,JACK WARD,00625 Warner Street,(972) 802-4440
ID000578,175-99-0098,ROGER POWELL,48387 Corben Junction,(214) 803-6520
ID000579,541-56-2611,RACHEL COOK,214 Eastwood Hill,(214) 862-3951
ID000580,454-07-8145,KAREN BURKE,09242 Victoria Plaza,(469) 897-7697
ID000581,947-35-1972,KIMBERLY ROBINSON,26233 Oneill Junction,(214) 810-2174
ID000582,679-65-6095,SAMUEL BRYANT,95 Pearson Pass,(972) 509-6994
ID000583,522-26-5924,RUSSELL BERRY,27 Moose Plaza,(214) 969-7916
ID000584,624-87-7517,PAULA FRAZIER,713 Havey Court,(469) 704-7407
ID000585,502-80-0344,ANNA RICE,9 Lunder Center,(469) 960-1948
ID000586,385-99-4195,DIANE STANLEY,96 Roth Hill,(214) 955-8100
ID000587,678-08-8971,BILLY SNYDER,8170 Clarendon Crossing,(972) 883-8736
ID000588,850-26-9485,JUAN BAILEY,6 Logan Crossing,(972) 954-9785
ID000589,119-17-4689,PATRICIA GREEN,27001 Mayfield Street,(972) 880-1670
ID000590,640-57-8903,LOUISE HARRISON,4383 Forest Dale Hill,(972) 591-6825
ID000591,915-81-5067,SCOTT CUNNINGHAM,1312 Kinsman Terrace,(469) 940-8227
ID000592,287-08-2149,STEVE WHITE,57 Vera Lane,(972) 573-3704
ID000593,915-62-6265,BRANDON JONES,8845 Blackbird Terrace,(214) 982-8588
ID000594,622-62-2819,REBECCA REED,012 Sunbrook Place,(469) 800-1493
ID000595,330-90-1862,KELLY HAWKINS,517 Bay Crossing,(972) 839-2019
ID000596,159-37-4167,KENNETH HUDSON,16 Porter Trail,(972) 977-7399
ID000597,332-96-2350,TAMMY BUTLER,0897 Amoth Hill,(214) 934-8616
ID000598,179-13-6812,STEVEN LANE,0185 Hollow Ridge Street,(214) 993-0045
ID000599,640-94-5337,JEAN WEST,5487 Tomscot Place,(214) 814-4521
ID000600,381-83-4152,KEITH MASON,1 Norway Maple Park,(469) 237-7698
ID000601,480-06-1832,JOSE MORALES,36703 Pennsylvania Center,(214) 936-8952
ID000602,360-26-2573,JOHNNY HARRIS,816 Ramsey Pass,(214) 800-8878
ID000603,271-80-3746,HAROLD ROMERO,864 Clove Plaza,(972) 958-7058
ID000604,161-60-2246,JOSE PHILLIPS,726 Farwell Road,(469) 922-7795
ID000605,968-21-3159,TINA NGUYEN,7814 Fairview Avenue,(214) 858-2813
ID000606,994-00-7169,MICHELLE HILL,70 Jana Plaza,(214) 805-4933
ID000607,164-07-0343,HENRY POWELL,1 Arapahoe Plaza,(469) 861-9090
ID000608,491-05-7221,DONNA NELSON,4 Homewood Alley,(469) 700-9754
ID000609,511-95-4134,LOUIS PERRY,1655 Heffernan Pass,(214) 820-3573
ID000610,196-78-4374,PAUL LEE,41406 Ridge Oak Parkway,(972) 810-6175
ID000611,112-60-2094,DIANA KING,65113 Saint Paul Court,(972) 748-9174
ID000612,376-03-6774,EVELYN CAMPBELL,68 Mifflin Court,(214) 743-4130
ID000613,277-81-5111,LOUIS HOWARD,0 Lyons Park,(972) 941-3029
ID000614,658-05-1653,IRENE ROBINSON,04 Fairfield Parkway,(469) 943-6537
ID000615,155-87-2365,ALICE ARMSTRONG,7068 Derek Alley,(214) 911-6490
ID000616,665-02-8900,EUGENE WOODS,56245 Graceland Way,(972) 832-8839
ID000617,670-32-5349,LOUIS TAYLOR,09508 Thackeray Center,(214) 932-0979
ID000618,416-31-2379,DEBORAH OWENS,12322 Hayes Center,(214) 971-1946
ID000619,346-41-4220,MARILYN COLLINS,305 1st Crossing,(972) 927-4971
ID000620,475-06-7256,VIRGINIA GONZALEZ,03722 Huxley Point,(214) 864-3430
ID000621,701-28-5911,HELEN RYAN,51 Kennedy Parkway,(214) 988-0720
ID000622,646-84-1183,JOHN MYERS,4 Mendota Junction,(214) 437-0969
ID000623,748-14-1656,MARY COLLINS,261 Almo Alley,(469) 987-5918
ID000624,802-79-0419,RAYMOND CARTER,71 Eastwood Way,(972) 891-0800
ID000625,124-07-9804,MARY RAMOS,6 Anderson Lane,(214) 989-0536
ID000626,311-30-5644,KATHY FERGUSON,20 7th Place,(214) 607-7944
ID000627,156-04-8304,CLARENCE MORALES,4645 Homewood Trail,(214) 900-0324
ID000628,590-28-7564,TERESA CAMPBELL,0241 Bultman Point,(214) 930-0030
ID000629,157-33-0075,ROGER NGUYEN,249 Marquette Center,(972) 931-8604
ID000630,326-20-8507,PHYLLIS LONG,9 Bluestem Circle,(972) 661-7458
ID000631,536-17-5051,MICHAEL TAYLOR,18398 Florence Place,(972) 833-7591
ID000632,906-45-2011,JOHN WATKINS,1669 Ridgeview Hill,(214) 925-0299
ID000633,336-89-2349,CAROLYN GARCIA,9 Dapin Trail,(214) 920-2780
ID000634,255-25-6148,DONALD PHILLIPS,7 Alpine Alley,(214) 813-6913
ID000635,292-88-0298,DEBORAH WATSON,75 Carey Parkway,(469) 809-1498
ID000636,640-78-6255,ANNIE SHAW,66820 Bunting Plaza,(972) 965-6678
ID000637,847-47-8564,ALAN PRICE,84 Rutledge Junction,(972) 776-5854
ID000638,126-26-3636,KATHRYN MORRISON,59100 Onsgard Crossing,(972) 875-1440
ID000639,471-61-6333,CHRISTOPHER JOHNSON,777 Ludington Terrace,(972) 679-9556
ID000640,439-03-8518,JOSHUA BISHOP,0 Grim Place,(214) 600-5143
ID000641,391-22-2309,ERNEST JONES,8085 Weeping Birch Alley,(972) 948-1978
ID000642,897-34-6632,MELISSA BANKS,578 Reindahl Trail,(972) 993-2150
ID000643,985-72-2421,ARTHUR LANE,26696 Steensland Court,(214) 959-8756
ID000644,325-85-6108,JOYCE PERKINS,8 Bluestem Park,(972) 942-5394
ID000645,506-85-1419,JUDITH SULLIVAN,95194 Badeau Trail,(972) 890-8729
ID000646,103-27-3706,BILLY JOHNSON,95272 Kensington Plaza,(972) 823-5333
ID000647,378-57-9726,MARIE BELL,74 Anderson Avenue,(469) 991-0533
ID000648,764-94-7005,JIMMY FORD,14311 Merchant Court,(469) 937-3556
ID000649,667-37-5162,ALICE MCCOY,6 Nelson Avenue,(469) 848-7697
ID000650,946-02-5323,RICHARD MATTHEWS,121 Warrior Alley,(972) 963-0887
ID000651,143-59-3681,DANIEL FOSTER,84 Charing Cross Avenue,(972) 838-0899
ID000652,251-35-0397,EARL BANKS,0 Lindbergh Place,(972) 921-9987
ID000653,709-47-1259,SCOTT ROGERS,9 Gulseth Circle,(469) 936-7824
ID000654,211-17-9786,RICHARD BAKER,68093 Ridge Oak Junction,(972) 957-8835
ID000655,375-17-9234,ROBIN MCDONALD,3407 Old Gate Circle,(972) 858-2976
ID000656,512-45-0642,VICTOR RILEY,219 Fair Oaks Park,(214) 932-7141
ID000657,727-22-0778,ANNE LOPEZ,62 Truax Terrace,(972) 987-8304
ID000658,315-71-5729,MARGARET FISHER,53744 Prentice Alley,(469) 711-2192
ID000659,897-19-4834,AMANDA PERKINS,629 Troy Way,(972) 937-2368
ID000660,619-76-5825,LINDA PERRY,83189 Esch Circle,(214) 865-3742
ID000661,272-90-8955,WANDA LAWRENCE,6239 Mandrake Alley,(214) 772-4765
ID000662,100-07-8344,TINA MITCHELL,42613 Pankratz Hill,(972) 791-8636
ID000663,392-34-3414,JACQUELINE GORDON,3603 Vernon Junction,(972) 979-5379
ID000664,850-03-5811,BETTY HUNT,79 Welch Court,(214) 615-4372
ID000665,190-47-5767,KEVIN WEBB,156 Lukken Lane,(214) 947-7416
ID000666,529-87-4076,JOSHUA EVANS,225 Dixon Center,(214) 882-4750
ID000667,836-54-2070,KATHLEEN PETERS,5024 Park Meadow Park,(214) 838-2643
ID000668,265-54-1326,MARIE MASON,651 Cody Trail,(972) 918-8605
ID000669,941-12-6153,JEAN MORRISON,68 Stuart Parkway,(972) 767-8868
ID000670,190-47-8274,DANIEL HUDSON,16609 Oak Valley Plaza,(214) 921-7666
ID000671,318-20-1054,JUDITH DIXON,8 Almo Court,(972) 908-2892
ID000672,963-64-2281,ROY MORALES,05025 Muir Point,(972) 635-1013
ID000673,531-84-3873,JUSTIN MARSHALL,972 Crownhardt Circle,(469) 778-6036
ID000674,635-15-6122,GREGORY SMITH,59810 Erie Circle,(972) 868-0952
ID000675,552-29-0884,DEBORAH REED,426 Swallow Hill,(214) 981-2497
ID000676,578-14-7271,PAMELA KING,1754 Pennsylvania Way,(214) 989-0559
ID000677,520-65-9256,ALAN WELCH,1102 Magdeline Court,(469) 984-4212
ID000678,393-11-9047,SAMUEL MOORE,41307 Grasskamp Drive,(972) 850-8906
ID000679,343-72-6326,KATHERINE HOLMES,0 Rowland Avenue,(972) 954-3190
ID000680,900-26-2190,HAROLD WILLIAMS,7576 Vermont Plaza,(214) 889-7673
ID000681,133-85-2262,EVELYN NGUYEN,590 Independence Circle,(469) 746-7480
ID000682,824-55-4537,JOE COOPER,1421 Linden Avenue,(469) 977-1179
ID000683,784-92-2076,HELEN FERNANDEZ,70499 Michigan Circle,(469) 831-8504
ID000684,151-58-6475,NICHOLAS GIBSON,2454 Clemons Crossing,(972) 906-3742
ID000685,122-74-8518,ANGELA TUCKER,50 Brentwood Crossing,(972) 650-5349
ID000686,917-44-4969,AMY WASHINGTON,93083 Elka Lane,(972) 817-2285
ID000687,688-02-5499,GREGORY SANCHEZ,230 Briar Crest Road,(972) 860-8215
ID000688,941-81-2456,TERRY KENNEDY,55 Summer Ridge Point,(214) 945-1527
ID000689,370-79-5137,CHARLES BRADLEY,10 Kenwood Avenue,(214) 763-4487
ID000690,972-75-6100,JUDY GILBERT,0 Roth Alley,(214) 917-8414
ID000691,820-05-9916,PAUL CHAPMAN,57011 Reindahl Terrace,(469) 918-9529
ID000692,536-88-7676,CHERYL TAYLOR,4916 Stang Hill,(469) 602-9760
ID000693,753-82-4781,LINDA NELSON,46 Lukken Hill,(214) 728-3594
ID000694,617-28-1448,EDWARD HARVEY,2989 Leroy Point,(469) 999-8714
ID000695,735-50-3554,CAROLYN CHAPMAN,9524 Amoth Lane,(214) 947-2089
ID000696,525-50-2241,JACK HUDSON,2 Claremont Drive,(972) 544-4023
ID000697,534-11-4411,ADAM GARDNER,907 Corben Alley,(214) 548-0751
ID000698,363-38-9674,JULIA PIERCE,8 Heath Avenue,(469) 701-5525
ID000699,407-53-1627,JANET ROBERTSON,20 Mesta Plaza,(214) 836-2849
ID000700,240-04-1102,MARIA ROMERO,188 Loeprich Drive,(214) 845-7095
ID000701,472-98-6371,DIANA ROGERS,58 Welch Place,(469) 502-6533
ID000702,663-09-0104,EVELYN CARTER,8 Fair Oaks Alley,(469) 825-0017
ID000703,535-55-5684,BRUCE ARMSTRONG,9 Memorial Junction,(214) 875-5764
ID000704,325-18-4093,JANICE MATTHEWS,967 Mifflin Center,(469) 914-7781
ID000705,371-06-4026,MILDRED NELSON,9598 Union Terrace,(972) 452-3908
ID000706,222-63-3734,SHAWN ROBERTSON,6590 Holy Cross Way,(972) 656-2026
ID000707,276-49-3884,ELIZABETH TUCKER,65 Fulton Court,(214) 987-6456
ID000708,122-23-9319,DOROTHY HARPER,83 Boyd Center,(214) 827-1293
ID000709,323-59-6505,JACK WOODS,10 Crest Line Pass,(214) 942-9460
ID000710,436-60-5376,ERIC JORDAN,154 Redwing Way,(469) 924-3271
ID000711,283-97-2577,MARILYN TAYLOR,57 Farmco Park,(214) 806-7627
ID000712,248-17-2518,TIMOTHY EDWARDS,109 Larry Road,(214) 974-9365
ID000713,637-48-2284,CAROL WELCH,121 Ohio Road,(214) 821-0016
ID000714,164-19-4566,SANDRA REED,1876 Westend Court,(469) 896-9764
ID000715,498-44-8648,JASON DUNN,90950 Sherman Way,(972) 712-6791
ID000716,741-86-2253,PAULA JORDAN,0 Schurz Lane,(214) 956-1394
ID000717,694-72-1725,WILLIE HERNANDEZ,46 Bluejay Crossing,(469) 869-1585
ID000718,500-83-0564,CHRIS PHILLIPS,2563 Macpherson Avenue,(214) 795-5477
ID000719,849-33-1958,JUAN HAYES,5 Melvin Junction,(469) 666-0063
ID000720,398-41-8926,HELEN LOPEZ,2 Maryland Park,(214) 904-8793
ID000721,642-59-9156,JUSTIN PORTER,66 Lerdahl Street,(469) 820-0587
ID000722,236-99-9327,JOHNNY GARCIA,85 Sloan Street,(469) 962-1344
ID000723,590-51-2989,KATHERINE TAYLOR,00 Carey Alley,(469) 755-0265
ID000724,847-74-4073,JACQUELINE HOWELL,30 Meadow Valley Trail,(972) 817-4256
ID000725,743-83-9247,EARL RICHARDS,431 Birchwood Court,(214) 959-4661
ID000726,482-29-7565,CLARENCE WOODS,7 Schiller Road,(214) 913-1723
ID000727,209-78-7735,JESSICA GONZALES,645 Rutledge Road,(972) 938-3645
ID000728,831-59-6111,MATTHEW WARREN,4561 Texas Lane,(972) 971-6529
ID000729,280-98-5533,KATHY SMITH,8726 Packers Parkway,(214) 953-4343
ID000730,925-63-9699,KEITH COLLINS,99196 Surrey Court,(214) 788-7439
ID000731,556-38-3135,JOAN GARRETT,43 Scoville Pass,(972) 954-7260
ID000732,434-71-8048,DIANE LITTLE,11 Donald Road,(469) 688-9174
ID000733,372-72-3479,WANDA MENDOZA,34327 Sunbrook Hill,(469) 569-6125
ID000734,657-61-4433,MARTIN NGUYEN,08974 Bowman Way,(469) 996-7003
ID000735,967-28-8561,DONALD ANDREWS,8 Kennedy Terrace,(972) 828-3356
ID000736,895-97-4019,RUTH WEAVER,46239 Kipling Terrace,(214) 802-4320
ID000737,469-60-9195,PATRICIA GILBERT,43 Mariners Cove Center,(214) 814-7712
ID000738,286-87-5683,CARLOS FORD,0 Dovetail Avenue,(214) 658-8568
ID000739,988-74-6162,LOUISE ARNOLD,55 Mandrake Crossing,(972) 903-4805
ID000740,284-97-8780,HENRY NICHOLS,08 Oak Valley Park,(214) 941-0961
ID000741,186-84-1844,KATHLEEN HAYES,72 Mcguire Road,(469) 895-4109
ID000742,458-94-0428,BONNIE MCCOY,83175 Cottonwood Way,(214) 913-2990
ID000743,419-29-8694,JERRY MONTGOMERY,10 Northland Plaza,(214) 826-7806
ID000744,219-67-5666,JESSICA MCCOY,09315 Trailsway Court,(214) 918-2939
ID000745,372-21-0737,JEAN RYAN,801 Hooker Center,(214) 998-5831
ID000746,338-73-5511,JOYCE CLARK,360 Hovde Way,(469) 853-7767
ID000747,593-87-1261,MARILYN CRUZ,4 Esker Plaza,(469) 947-7763
ID000748,132-70-2552,CHRISTINE YOUNG,70 Meadow Valley Pass,(972) 989-7753
ID000749,795-84-3330,MARIE PHILLIPS,8 Pleasure Drive,(469) 603-0113
ID000750,645-65-7799,ANN BRYANT,451 Sundown Drive,(214) 940-1980
ID000751,338-60-5273,BRUCE BAILEY,1228 Warner Hill,(972) 785-6558
ID000752,171-35-4592,JULIE FIELDS,0 Hayes Alley,(214) 226-5537
ID000753,872-37-7791,GREGORY SCHMIDT,998 Merchant Circle,(972) 990-8419
ID000754,264-34-8300,MARILYN RYAN,877 Forster Lane,(469) 900-2911
ID000755,361-84-6572,JULIA LONG,472 Forest Trail,(972) 934-8954
ID000756,538-33-3604,VICTOR PETERSON,3653 Sage Parkway,(214) 965-4668
ID000757,294-41-0480,SARA RUIZ,75507 Center Way,(214) 988-8363
ID000758,286-27-4771,ROY BARNES,4505 Transport Drive,(469) 530-2193
ID000759,528-82-3250,ANTHONY CARPENTER,61 Karstens Plaza,(214) 939-8741
ID000760,774-66-2989,JESSICA RODRIGUEZ,3969 Springview Court,(469) 846-8175
ID000761,147-96-7903,CRAIG CARTER,3 Hayes Plaza,(214) 974-6461
ID000762,126-49-2208,BRANDON ELLIS,9617 Summit Terrace,(469) 767-8210
ID000763,509-31-0770,RICHARD TORRES,19723 Cherokee Drive,(972) 915-3282
ID000764,335-36-3231,JANET MCDONALD,63455 Division Park,(469) 586-2793
ID000765,862-42-5821,RAYMOND CAMPBELL,495 Mallard Street,(214) 881-9579
ID000766,430-93-4149,MARK FIELDS,03 Menomonie Junction,(972) 919-4515
ID000767,936-04-6604,WILLIAM COX,2 Veith Junction,(972) 897-9587
ID000768,795-03-9664,RUBY HANSEN,759 Mandrake Avenue,(214) 912-1668
ID000769,737-18-1574,PHILLIP RICHARDS,29931 Northridge Trail,(972) 783-3567
ID000770,286-37-8304,RICHARD JORDAN,76466 Milwaukee Lane,(469) 998-7983
ID000771,314-52-2705,MARIE PEREZ,38 Summer Ridge Court,(469) 682-4358
ID000772,574-79-3097,CHERYL BUTLER,68 Maple Court,(469) 448-2582
ID000773,835-29-8866,MICHELLE CARPENTER,99896 New Castle Trail,(469) 780-0762
ID000774,496-59-9897,ADAM COOPER,74125 Laurel Center,(214) 812-8288
ID000775,368-19-9311,NANCY SHAW,347 Oak Plaza,(214) 849-5837
ID000776,414-22-2220,ERNEST GOMEZ,34530 Donald Pass,(972) 966-3976
ID000777,888-89-3056,WANDA WILSON,3 Rockefeller Point,(214) 783-6562
ID000778,572-70-8409,MELISSA BAILEY,94627 Hoard Parkway,(972) 870-8953
ID000779,114-71-5828,CLARENCE GRAY,797 Merrick Way,(972) 951-5685
ID000780,104-43-3663,JANICE HUNTER,3 Sheridan Trail,(972) 888-0899
ID000781,329-05-3664,RAYMOND MURRAY,3083 Crescent Oaks Road,(972) 900-8986
ID000782,447-69-9321,BRUCE HANSEN,88200 Johnson Alley,(214) 892-9528
ID000783,937-66-7915,RYAN MCCOY,27278 American Ash Avenue,(469) 786-6255
ID000784,764-89-6736,JERRY FOWLER,0 Lighthouse Bay Circle,(214) 653-3127
ID000785,134-92-4609,FRANK HARPER,8 Fairview Drive,(972) 810-8573
ID000786,571-08-1675,GEORGE GARZA,0 Granby Lane,(469) 758-5662
ID000787,914-59-1431,SHARON OLSON,7705 Ridge Oak Plaza,(972) 982-4528
ID000788,310-91-2067,KATHRYN REED,086 Bunker Hill Way,(972) 937-2108
ID000789,925-52-2771,RANDY WEAVER,5 Del Mar Junction,(214) 853-7737
ID000790,193-13-7825,LINDA WASHINGTON,8122 Sachtjen Circle,(972) 914-5391
ID000791,799-37-4997,ELIZABETH ANDERSON,80 Dunning Circle,(469) 881-4443
ID000792,981-69-8236,HENRY KIM,9861 Elmside Crossing,(214) 912-9599
ID000793,124-22-8351,EARL MORALES,16 Manley Pass,(214) 651-0786
ID000794,980-98-1968,HOWARD FORD,31553 5th Place,(972) 940-7458
ID000795,486-25-9016,TAMMY FOX,29405 Hauk Road,(214) 997-3240
ID000796,765-53-6457,SARAH HICKS,38 Lighthouse Bay Pass,(214) 901-9314
ID000797,750-87-6481,DIANA MONTGOMERY,2 Welch Parkway,(214) 603-6856
ID000798,796-84-4632,JOAN BOYD,393 School Plaza,(469) 882-9965
ID000799,944-12-9610,BARBARA SIMMONS,678 Barnett Point,(469) 415-7518
ID000800,604-14-8118,KEITH CARROLL,46912 Veith Place,(214) 821-2150
ID000801,554-70-7857,RUBY BRYANT,0502 Dorton Place,(214) 583-2918
ID000802,968-07-8691,ANDREW HOLMES,87963 Darwin Plaza,(469) 993-5278
ID000803,848-01-1355,JUAN KING,3344 Schlimgen Point,(972) 823-3180
ID000804,522-56-7195,MICHAEL WARREN,1 Northwestern Road,(469) 912-0181
ID000805,263-49-6672,RANDY WAGNER,28585 Iowa Pass,(972) 981-8393
ID000806,916-96-2811,JOSE KELLY,088 Cambridge Trail,(972) 832-9963
ID000807,304-18-5907,PETER FORD,3 Boyd Point,(214) 978-2937
ID000808,381-33-3107,PETER EDWARDS,70349 Hallows Way,(214) 991-6626
ID000809,211-11-0916,LOUISE PETERS,79475 Morrow Pass,(972) 902-4551
ID000810,343-23-0976,STEPHANIE PERRY,08750 Forest Dale Road,(214) 899-9004
ID000811,792-44-4178,LAWRENCE ADAMS,38 Forster Terrace,(214) 925-8866
ID000812,443-86-2495,GREGORY HANSEN,419 Longview Trail,(469) 899-8651
ID000813,797-38-1593,RALPH MEDINA,74 High Crossing Lane,(469) 953-9007
ID000814,223-83-8666,JOAN COOPER,52 Fremont Road,(972) 842-0287
ID000815,732-67-6734,KAREN GEORGE,560 Menomonie Plaza,(469) 551-3026
ID000816,639-56-1250,THERESA CUNNINGHAM,8148 Florence Drive,(469) 861-6774
ID000817,506-61-7033,DENNIS YOUNG,378 Carberry Place,(214) 602-2841
ID000818,789-55-8630,JOSEPH CASTILLO,4 Surrey Park,(469) 916-0494
ID000819,100-43-9457,EUGENE FISHER,977 Gina Junction,(972) 926-5775
ID000820,622-93-0486,ELIZABETH MEDINA,044 Prentice Center,(972) 969-7931
ID000821,236-05-8310,JOYCE ARNOLD,48306 Moulton Plaza,(972) 958-8893
ID000822,294-25-9318,WILLIAM RAMOS,20 Red Cloud Trail,(972) 950-2750
ID000823,317-84-2700,BILLY REED,2 Loftsgordon Alley,(972) 853-0282
ID000824,802-25-7025,SCOTT CARR,9 Memorial Place,(469) 979-5007
ID000825,713-06-2568,DORIS CARPENTER,55093 Bunting Pass,(972) 413-6984
ID000826,863-24-4380,AARON KENNEDY,51078 Fisk Parkway,(214) 900-5041
ID000827,957-88-2521,EUGENE GEORGE,32186 Katie Park,(469) 642-7160
ID000828,971-59-7462,MARILYN WASHINGTON,7639 Northfield Park,(214) 531-0051
ID000829,778-11-2383,SARA PATTERSON,938 Vermont Crossing,(972) 871-5585
ID000830,432-34-5988,SAMUEL HENRY,031 Hintze Terrace,(972) 825-3266
ID000831,110-87-5003,PHILLIP KENNEDY,41 Leroy Center,(469) 995-0612
ID000832,862-95-3192,ROBIN WELCH,4 Texas Trail,(972) 778-2143
ID000833,639-00-1709,ROSE GARRETT,2384 Carey Road,(214) 860-5621
ID000834,687-26-7934,REBECCA MEYER,38 Nelson Lane,(972) 936-2303
ID000835,648-00-1339,MICHELLE REID,7 Sunbrook Circle,(469) 941-2469
ID000836,362-56-0347,JUDY RICE,49031 Saint Paul Avenue,(469) 935-1827
ID000837,840-08-8767,KEVIN CARROLL,36 Jana Lane,(469) 964-0568
ID000838,268-14-2587,KATHRYN OWENS,664 Clemons Hill,(214) 812-2116
ID000839,211-96-5010,BRIAN ELLIOTT,28 Graedel Hill,(972) 857-3817
ID000840,704-93-5430,KEITH ALVAREZ,73423 Mallard Park,(972) 985-3882
ID000841,493-28-0872,CHRISTOPHER HAMILTON,42 Johnson Place,(972) 756-5173
ID000842,104-87-2254,MILDRED WASHINGTON,093 Reindahl Alley,(469) 863-5699
ID000843,634-96-0779,MARIA PATTERSON,435 Mockingbird Road,(214) 689-4556
ID000844,973-88-0017,TAMMY ROMERO,77652 Quincy Junction,(469) 653-5925
ID000845,701-06-3601,SHIRLEY ELLIS,74 Boyd Circle,(469) 920-2738
ID000846,948-86-4146,GERALD CARTER,6829 Aberg Park,(214) 994-1903
ID000847,405-84-3532,SANDRA DIAZ,73631 Arapahoe Plaza,(214) 832-3930
ID000848,648-26-1008,JOYCE MILLER,2 Annamark Center,(972) 961-6545
ID000849,401-78-7678,EDWARD FREEMAN,415 Di Loreto Plaza,(972) 989-4204
ID000850,138-67-0395,WILLIE GRIFFIN,990 Moland Lane,(214) 928-8621
ID000851,576-90-5231,EUGENE GIBSON,11945 Delaware Trail,(972) 954-4027
ID000852,511-59-7913,BEVERLY CARROLL,7263 Mariners Cove Park,(214) 917-7386
ID000853,427-26-2369,KEVIN WEAVER,9746 Springview Lane,(469) 942-2408
ID000854,981-70-0822,DIANA COLLINS,00 Stoughton Pass,(972) 804-5134
ID000855,842-92-6012,MELISSA COLE,405 Lukken Park,(972) 786-8554
ID000856,842-48-2817,WILLIE YOUNG,4 Bowman Lane,(214) 928-4186
ID000857,420-41-5414,JUAN NICHOLS,8095 Grover Point,(469) 804-3343
ID000858,571-34-6457,KEVIN MASON,132 Huxley Street,(469) 973-8133
ID000859,977-49-7404,RONALD OWENS,160 Forster Court,(214) 986-1282
ID000860,625-10-0221,HOWARD MASON,725 Shelley Street,(972) 884-9005
ID000861,344-02-3503,SCOTT SULLIVAN,3 Dottie Way,(972) 881-9868
ID000862,217-52-9370,MARGARET PAYNE,706 Spenser Drive,(972) 760-0404
ID000863,676-28-3465,ASHLEY DIXON,07278 Arizona Road,(972) 818-9660
ID000864,927-53-6184,MARILYN VASQUEZ,85753 Sommers Parkway,(214) 435-8942
ID000865,369-13-2148,AMANDA OLSON,2 Thompson Hill,(972) 979-2331
ID000866,275-69-7155,HEATHER FERNANDEZ,18106 Beilfuss Way,(469) 854-7653
ID000867,993-11-4983,STEPHANIE DIAZ,52331 Monica Drive,(214) 912-8213
ID000868,867-83-7085,ROY KELLY,7053 Old Gate Alley,(469) 974-8373
ID000869,466-06-1410,SCOTT CHAVEZ,3 Kingsford Avenue,(469) 963-3427
ID000870,632-92-1297,DONNA MITCHELL,4741 Kenwood Junction,(214) 951-3865
ID000871,585-80-2785,LOUIS HARRIS,2747 Rieder Plaza,(214) 886-3021
ID000872,512-23-3537,HENRY HANSEN,2900 Surrey Street,(214) 964-2420
ID000873,772-62-3065,KATHRYN PORTER,53 Dapin Parkway,(972) 844-8439
ID000874,190-88-7543,ANNE JOHNSON,20069 Melvin Center,(214) 975-6054
ID000875,329-18-4164,TODD TAYLOR,97238 Onsgard Trail,(214) 937-3241
ID000876,654-19-5151,JULIA FERNANDEZ,34619 Marcy Crossing,(972) 966-9920
ID000877,591-02-8727,CRAIG ROBINSON,30 Sutteridge Point,(469) 919-0979
ID000878,299-37-0401,NANCY SHAW,5834 Village Crossing,(214) 788-2516
ID000879,939-58-3158,LAWRENCE NICHOLS,6423 Roth Park,(214) 925-2580
ID000880,170-66-3784,JIMMY DIAZ,0301 Oriole Lane,(469) 473-0533
ID000881,740-80-4320,BOBBY MCDONALD,3 Scoville Drive,(972) 527-7603
ID000882,953-63-4906,JESSE CUNNINGHAM,790 Marquette Hill,(214) 936-7626
ID000883,200-60-0963,GREGORY ANDREWS,361 Sachs Crossing,(214) 973-0715
ID000884,499-38-8289,TINA ROGERS,79 Forest Dale Road,(469) 984-9258
ID000885,312-18-8191,HENRY ALLEN,9 Pennsylvania Street,(972) 939-2237
ID000886,215-99-1270,CAROLYN GORDON,6 Fuller Avenue,(469) 829-5466
ID000887,154-27-1288,LOUISE HUDSON,04798 Loeprich Alley,(972) 955-8037
ID000888,772-41-5591,JOHN VASQUEZ,52 Darwin Park,(469) 978-1123
ID000889,888-06-1132,KATHRYN GRAHAM,45 Everett Pass,(469) 921-3046
ID000890,992-83-5801,PATRICIA PERKINS,0 Heffernan Drive,(972) 971-8654
ID000891,252-88-4550,HENRY ARNOLD,47 Becker Lane,(972) 470-2949
ID000892,534-51-9042,RUBY BISHOP,5 International Point,(972) 944-4239
ID000893,292-84-4463,PHYLLIS DUNN,8316 Calypso Court,(214) 835-0529
ID000894,144-30-3599,LOUISE WOOD,000 Mccormick Plaza,(972) 914-5297
ID000895,895-44-1229,TAMMY SHAW,0 Carey Parkway,(214) 905-2378
ID000896,955-03-9519,ERIC RIVERA,466 Tony Circle,(972) 932-9658
ID000897,743-94-0520,JOE WILLIAMS,748 Schlimgen Avenue,(972) 852-8033
ID000898,140-10-0901,AARON SNYDER,1 American Ash Avenue,(214) 936-9743
ID000899,210-06-2715,LOUIS CLARK,4284 Norway Maple Lane,(972) 872-7570
ID000900,357-34-7649,SARAH CHAVEZ,3 Schmedeman Court,(972) 524-1820
ID000901,427-38-8763,ROBIN ELLIS,67445 Dunning Lane,(972) 866-1973
ID000902,315-41-8687,JESSICA DAVIS,12957 Independence Drive,(972) 842-5888
ID000903,829-97-1624,LILLIAN STONE,919 Judy Way,(972) 851-2126
ID000904,347-88-9624,RUTH STANLEY,1 Warrior Pass,(972) 911-0228
ID000905,840-39-1806,JESSE DUNCAN,7787 Haas Hill,(972) 683-9815
ID000906,637-53-4929,LORI HUNTER,39 Swallow Place,(469) 642-4787
ID000907,136-04-3559,TAMMY ROBINSON,0378 Longview Plaza,(469) 933-2520
ID000908,713-24-6764,JAMES DUNN,2 Luster Hill,(214) 849-9192
ID000909,414-66-2512,EARL WHITE,3645 Ramsey Place,(972) 936-8134
ID000910,613-21-6220,JEREMY ROGERS,91121 Moulton Plaza,(469) 842-8404
ID000911,733-94-6852,EARL CHAPMAN,45 Moulton Junction,(972) 997-7819
ID000912,606-73-0914,DOROTHY MILLER,52 Hazelcrest Crossing,(214) 803-3680
ID000913,154-97-3290,ANNA LOPEZ,49 3rd Terrace,(214) 959-4100
ID000914,369-65-4229,GARY FULLER,59 Macpherson Crossing,(214) 968-9302
ID000915,507-57-2316,ANGELA NGUYEN,45542 Rutledge Avenue,(214) 978-0162
ID000916,325-17-0156,PAULA FRAZIER,916 Maywood Court,(214) 934-1206
ID000917,866-10-0944,DANIEL JOHNSON,76702 Caliangt Circle,(469) 828-8109
ID000918,650-99-3347,RAYMOND BURKE,3001 Corscot Drive,(469) 749-0551
ID000919,417-25-3686,ANNA FLORES,730 Vera Avenue,(214) 820-9633
ID000920,128-67-5708,KATHLEEN REED,89 Tomscot Street,(214) 941-0107
ID000921,412-58-0911,LINDA GARCIA,1 Luster Street,(972) 910-1369
ID000922,312-56-2889,KEVIN TURNER,3034 Kipling Drive,(214) 835-8339
ID000923,122-17-0911,JUAN DUNN,18 Oak Drive,(214) 857-0040
ID000924,548-70-2653,ARTHUR LANE,79797 Fieldstone Circle,(214) 848-0150
ID000925,922-65-9466,DEBORAH MEDINA,4 Cambridge Park,(972) 679-5235
ID000926,380-74-6132,LISA CASTILLO,856 Mitchell Junction,(469) 996-6025
ID000927,148-76-3309,LOUIS RIVERA,210 Sunfield Trail,(469) 940-0843
ID000928,648-41-9002,CATHERINE HUNT,241 Gulseth Crossing,(469) 929-6433
ID000929,253-50-1861,BOBBY GOMEZ,53 Kipling Place,(469) 747-8105
ID000930,237-32-1975,JOHNNY JENKINS,6757 Buena Vista Park,(214) 711-0231
ID000931,304-04-2180,RICHARD SANCHEZ,6 Bonner Road,(214) 789-8437
ID000932,416-32-8500,FRED PETERSON,723 Emmet Avenue,(214) 929-0915
ID000933,731-41-2008,GERALD JACOBS,539 Pond Point,(972) 929-5037
ID000934,680-37-1075,TERESA PERRY,67 Porter Center,(469) 937-7720
ID000935,358-57-1779,JOYCE WATSON,033 Fieldstone Pass,(469) 976-1235
ID000936,399-11-8418,ANTONIO CRAWFORD,94232 Hudson Drive,(469) 818-0847
ID000937,263-34-5944,SHAWN HANSON,88 Prairieview Terrace,(469) 712-3956
ID000938,871-14-1691,SANDRA HAYES,8 Morning Parkway,(972) 901-1242
ID000939,651-25-8004,JIMMY GARRETT,43 Clyde Gallagher Terrace,(972) 984-4957
ID000940,484-44-5282,ANTONIO LAWRENCE,08482 Merry Alley,(972) 843-3635
ID000941,983-14-0730,MARIE MEDINA,7338 Pierstorff Circle,(469) 810-7312
ID000942,716-92-1888,JUAN ALLEN,5 Victoria Alley,(469) 979-2886
ID000943,309-24-3620,GERALD PORTER,11934 Upham Point,(214) 706-8751
ID000944,776-60-4123,TODD BROOKS,7838 Moland Plaza,(469) 781-0440
ID000945,679-76-7522,JEAN RICE,48712 Mockingbird Road,(469) 935-5450
ID000946,729-59-6353,JACK DAY,2107 Kipling Plaza,(214) 913-6444
ID000947,628-48-3788,AMY WOODS,5 Shoshone Crossing,(469) 773-4866
ID000948,785-13-2932,RAYMOND GREENE,55619 Surrey Plaza,(469) 983-7473
ID000949,101-97-8660,ARTHUR WRIGHT,158 John Wall Street,(214) 941-5089
ID000950,946-46-6223,DANIEL HUNT,13709 Mariners Cove Center,(972) 915-2723
ID000951,481-28-6748,JULIE HAMILTON,6209 Ludington Pass,(972) 812-7230
ID000952,864-59-5290,DIANA GARZA,83139 Warrior Parkway,(972) 872-4808
ID000953,370-11-1197,WALTER CRUZ,463 Hanover Junction,(972) 836-9111
ID000954,850-05-9666,MILDRED RAMIREZ,7 Anderson Lane,(972) 826-9318
ID000955,475-45-2130,JEAN GILBERT,769 Colorado Center,(469) 850-6077
ID000956,704-23-0250,FRANCES PORTER,16 Farwell Park,(214) 958-6327
ID000957,847-54-7019,JANE CARTER,746 East Court,(469) 859-2686
ID000958,316-40-2743,JOHNNY PERRY,5091 Melrose Court,(469) 783-2541
ID000959,973-44-7229,DONALD POWELL,1901 Laurel Pass,(972) 917-5123
ID000960,597-54-1860,RUSSELL MORALES,6 Continental Hill,(469) 833-1681
ID000961,853-02-8515,EARL SMITH,73 Towne Hill,(469) 919-5433
ID000962,961-10-2631,JANE PHILLIPS,9 Northland Place,(469) 981-5694
ID000963,340-38-2920,RUBY BLACK,01580 Main Alley,(214) 839-6582
ID000964,650-36-9913,TERESA FERNANDEZ,50 Arrowood Circle,(972) 918-7531
ID000965,940-61-5781,JACQUELINE HAMILTON,792 Burrows Lane,(972) 785-5033
ID000966,136-33-6897,ANTHONY ELLIOTT,82 Harper Lane,(972) 942-6006
ID000967,780-32-3564,LOUISE HENDERSON,58 Southridge Way,(469) 897-6813
ID000968,174-47-0894,LILLIAN CRUZ,1202 Nevada Crossing,(469) 577-0003
ID000969,235-78-1401,DAVID DAVIS,6266 Debs Place,(214) 864-7187
ID000970,919-55-8047,JANICE PRICE,269 Farragut Trail,(214) 941-9869
ID000971,687-90-1452,DONALD PALMER,12 5th Junction,(469) 677-4531
ID000972,535-61-9932,DONALD WASHINGTON,978 Moose Plaza,(972) 844-7608
ID000973,328-03-3548,JESSICA JONES,37 Melrose Court,(972) 906-0660
ID000974,608-66-0102,AMY COLEMAN,2562 Pond Junction,(214) 954-7729
ID000975,894-17-1936,MARIE RYAN,4287 Canary Center,(469) 924-4203
ID000976,882-93-4808,GLORIA BARNES,149 Columbus Avenue,(214) 797-0275
ID000977,328-50-2075,CHARLES LAWRENCE,7 Randy Terrace,(972) 813-8851
ID000978,179-35-6366,PATRICIA HILL,2506 Ridgeway Drive,(469) 932-9594
ID000979,223-32-8250,RYAN YOUNG,40252 Lyons Terrace,(214) 742-4030
ID000980,504-76-4400,WILLIE WOODS,99 Sunbrook Circle,(214) 810-2688
ID000981,131-82-6807,CYNTHIA WEBB,6016 Leroy Way,(214) 975-2196
ID000982,470-80-0995,JOYCE COX,5027 Meadow Vale Way,(972) 832-4867
ID000983,210-87-6619,DEBRA KIM,303 Bashford Road,(469) 747-4090
ID000984,757-76-0049,LOUISE HARRISON,13 American Ash Place,(214) 897-8864
ID000985,641-17-6232,DOUGLAS DAY,264 Packers Place,(469) 868-2443
ID000986,690-30-6386,JANE HUGHES,05 Tony Junction,(972) 963-9605
ID000987,405-00-7979,JOAN WAGNER,76837 Heath Trail,(972) 841-3593
ID000988,697-50-5730,JOYCE GIBSON,0605 Old Shore Avenue,(469) 840-4916
ID000989,659-02-3329,PAULA HARRISON,7 Swallow Pass,(469) 622-5174
ID000990,647-36-9732,BOBBY DUNN,785 Graedel Place,(972) 923-3432
ID000991,659-27-5045,BONNIE ROSS,81741 Hallows Plaza,(214) 930-4665
ID000992,923-61-2260,DENNIS WHEELER,8321 Mendota Crossing,(214) 932-7040
ID000993,646-30-1413,JASON GUTIERREZ,7 Pearson Way,(972) 990-8290
ID000994,968-11-7539,DIANA SPENCER,467 Menomonie Alley,(972) 850-9653
ID000995,784-77-6035,JESSICA THOMPSON,73 Mandrake Center,(972) 728-3395
ID000996,468-32-4617,SEAN PIERCE,07 Laurel Park,(469) 987-3050
ID000997,647-49-5762,ALAN STEWART,74154 Drewry Street,(469) 944-5061
ID000998,345-58-9435,JANICE ROBINSON,7791 Maple Hill,(972) 855-6553
ID000999,504-57-5850,BARBARA CARROLL,5989 4th Avenue,(214) 999-2405
ID001000,362-54-6087,LORI MCCOY,71 Evergreen Crossing,(972) 975-7324
